city,issue_date,target_date,lead_days,source,precip_mm,temp_max_c,temp_min_c,wind_speed_kmh,wind_dir_deg,pressure_hpa
Krakow,2026-09-07,2026-08-28,-10,archiwum_openmeteo,0.0,27.8,13.3,17.7,98,991.4
Krakow,2026-09-07,2026-08-29,-9,archiwum_openmeteo,6.8,23.1,15.2,18.4,254,989.1
Krakow,2026-09-07,2026-08-30,-8,archiwum_openmeteo,0.0,26.6,12.2,9.1,190,990.4
Krakow,2026-09-07,2026-08-31,-7,archiwum_openmeteo,1.0,28.7,15.0,8.8,228,989.2
Krakow,2026-09-07,2026-09-01,-6,archiwum_openmeteo,0.3,22.7,15.0,18.4,265,992.5
Krakow,2026-09-07,2026-09-02,-5,archiwum_openmeteo,0.0,23.6,12.5,11.2,256,994.4
Krakow,2026-09-07,2026-09-03,-4,archiwum_openmeteo,2.3,22.0,12.9,9.2,248,992.6
Krakow,2026-09-07,2026-09-04,-3,archiwum_openmeteo,0.1,24.9,16.4,24.7,250,988.0
Krakow,2026-09-07,2026-09-05,-2,archiwum_openmeteo,2.4,21.4,15.0,22.7,270,990.4
Krakow,2026-09-07,2026-09-07,0,prognoza,0.0,22.3,9.5,10.1,111,999.0
Krakow,2026-09-07,2026-09-08,1,prognoza,0.0,30.3,15.7,14.0,260,989.8
Krakow,2026-09-07,2026-09-09,2,prognoza,0.0,32.5,18.9,15.0,207,983.1
Krakow,2026-09-07,2026-09-10,3,prognoza,2.0,20.9,13.0,18.8,268,989.1
Krakow,2026-09-07,2026-09-11,4,prognoza,0.0,21.3,10.8,9.8,80,994.8
Krakow,2026-09-07,2026-09-12,5,prognoza,0.0,22.0,13.3,10.7,69,995.3
Krakow,2026-09-07,2026-09-13,6,prognoza,0.0,21.5,12.1,11.0,86,995.4
Warszawa,2026-09-07,2026-08-28,-10,archiwum_openmeteo,0.0,23.8,13.0,18.5,131,1006.2
Warszawa,2026-09-07,2026-08-29,-9,archiwum_openmeteo,5.2,21.9,15.7,16.0,206,999.7
Warszawa,2026-09-07,2026-08-30,-8,archiwum_openmeteo,0.0,25.3,13.8,12.1,182,1001.6
Warszawa,2026-09-07,2026-08-31,-7,archiwum_openmeteo,2.4,25.9,16.0,11.5,199,1000.4
Warszawa,2026-09-07,2026-09-01,-6,archiwum_openmeteo,3.2,19.9,15.4,20.7,259,1001.9
Warszawa,2026-09-07,2026-09-02,-5,archiwum_openmeteo,0.4,21.2,13.6,14.4,262,1005.2
Warszawa,2026-09-07,2026-09-03,-4,archiwum_openmeteo,7.0,21.9,12.1,12.3,236,1003.5
Warszawa,2026-09-07,2026-09-04,-3,archiwum_openmeteo,2.4,22.1,15.7,24.8,242,995.8
Warszawa,2026-09-07,2026-09-05,-2,archiwum_openmeteo,2.5,19.7,13.1,25.6,271,997.9
Warszawa,2026-09-07,2026-09-07,0,prognoza,0.0,20.0,10.9,11.2,233,1010.9
Warszawa,2026-09-07,2026-09-08,1,prognoza,0.0,26.1,14.9,10.8,165,1001.1
Warszawa,2026-09-07,2026-09-09,2,prognoza,0.0,28.7,18.5,15.5,177,994.0
Warszawa,2026-09-07,2026-09-10,3,prognoza,2.0,19.5,11.9,21.4,268,998.1
Warszawa,2026-09-07,2026-09-11,4,prognoza,0.0,18.5,11.8,8.9,263,1007.5
Warszawa,2026-09-07,2026-09-12,5,prognoza,0.0,19.1,11.9,7.1,301,1009.2
Warszawa,2026-09-07,2026-09-13,6,prognoza,0.0,19.4,10.9,5.0,145,1009.0
Gdansk,2026-09-07,2026-09-07,0,prognoza,0.0,19.2,11.3,14.6,211,1020.2
Gdansk,2026-09-07,2026-09-08,1,prognoza,0.0,25.0,11.5,19.5,186,1009.6
Gdansk,2026-09-07,2026-09-09,2,prognoza,0.2,22.9,15.0,13.1,230,1003.9
Gdansk,2026-09-07,2026-09-10,3,prognoza,0.0,17.6,12.5,16.6,260,1011.5
Gdansk,2026-09-07,2026-09-11,4,prognoza,0.0,18.3,11.8,8.5,289,1017.9
Gdansk,2026-09-07,2026-09-12,5,prognoza,0.0,19.9,11.4,12.3,254,1019.0
Gdansk,2026-09-07,2026-09-13,6,prognoza,2.2,20.3,11.3,15.6,211,1013.0
Gdansk,2026-09-07,2026-08-28,-10,archiwum_openmeteo,0.2,23.0,13.5,27.4,150,1015.7
Gdansk,2026-09-07,2026-08-29,-9,archiwum_openmeteo,28.1,22.6,14.9,16.4,201,1008.6
Gdansk,2026-09-07,2026-08-30,-8,archiwum_openmeteo,0.5,24.0,15.6,20.4,200,1009.1
Gdansk,2026-09-07,2026-08-31,-7,archiwum_openmeteo,0.9,23.6,15.6,12.9,215,1009.5
Gdansk,2026-09-07,2026-09-01,-6,archiwum_openmeteo,3.5,20.5,14.7,18.1,262,1010.3
Gdansk,2026-09-07,2026-09-02,-5,archiwum_openmeteo,1.1,20.1,14.4,18.4,261,1014.6
Gdansk,2026-09-07,2026-09-03,-4,archiwum_openmeteo,3.9,21.8,13.9,21.5,221,1011.9
Gdansk,2026-09-07,2026-09-04,-3,archiwum_openmeteo,20.1,19.9,15.4,26.1,247,1002.3
Gdansk,2026-09-07,2026-09-05,-2,archiwum_openmeteo,4.1,17.7,12.7,32.1,262,1005.2
Warszawa,2026-09-08,2026-09-08,0,prognoza,0.0,27.0,14.3,11.5,169,1000.9
Warszawa,2026-09-08,2026-09-09,1,prognoza,0.1,28.7,16.8,16.9,247,994.4
Warszawa,2026-09-08,2026-09-10,2,prognoza,2.2,18.4,11.5,20.2,264,1001.2
Warszawa,2026-09-08,2026-09-11,3,prognoza,0.0,18.1,9.1,8.3,278,1007.0
Warszawa,2026-09-08,2026-09-12,4,prognoza,0.0,17.8,10.9,4.0,202,1010.3
Warszawa,2026-09-08,2026-09-13,5,prognoza,0.0,19.9,9.2,7.5,177,1008.1
Warszawa,2026-09-08,2026-09-14,6,prognoza,0.6,19.7,12.0,7.2,242,1004.5
Warszawa,2026-09-08,2026-08-29,-10,archiwum_openmeteo,5.2,21.9,15.7,16.0,206,999.7
Warszawa,2026-09-08,2026-08-30,-9,archiwum_openmeteo,0.0,25.3,13.8,12.1,182,1001.6
Warszawa,2026-09-08,2026-08-31,-8,archiwum_openmeteo,2.4,25.9,16.0,11.5,199,1000.4
Warszawa,2026-09-08,2026-09-01,-7,archiwum_openmeteo,3.2,19.9,15.4,20.7,259,1001.9
Warszawa,2026-09-08,2026-09-02,-6,archiwum_openmeteo,0.4,21.2,13.6,14.4,262,1005.2
Warszawa,2026-09-08,2026-09-03,-5,archiwum_openmeteo,7.0,21.9,12.1,12.3,236,1003.5
Warszawa,2026-09-08,2026-09-04,-4,archiwum_openmeteo,2.4,22.1,15.7,24.8,242,995.8
Warszawa,2026-09-08,2026-09-05,-3,archiwum_openmeteo,2.5,19.7,13.1,25.6,271,997.9
Warszawa,2026-09-08,2026-09-06,-2,archiwum_openmeteo,2.2,18.7,12.0,24.1,282,1006.9
Krakow,2026-09-08,2026-09-08,0,prognoza,0.0,31.1,13.7,12.6,234,989.9
Krakow,2026-09-08,2026-09-09,1,prognoza,0.0,33.3,18.6,17.3,274,983.3
Krakow,2026-09-08,2026-09-10,2,prognoza,3.7,19.9,13.2,18.4,287,990.9
Krakow,2026-09-08,2026-09-11,3,prognoza,0.0,18.4,11.8,9.0,83,994.0
Krakow,2026-09-08,2026-09-12,4,prognoza,0.0,19.9,10.4,7.9,57,996.8
Krakow,2026-09-08,2026-09-13,5,prognoza,0.0,20.5,9.1,6.0,97,995.2
Krakow,2026-09-08,2026-09-14,6,prognoza,0.0,19.8,10.9,10.0,257,993.6
Krakow,2026-09-08,2026-08-29,-10,archiwum_openmeteo,6.8,23.1,15.2,18.4,254,989.1
Krakow,2026-09-08,2026-08-30,-9,archiwum_openmeteo,0.0,26.6,12.2,9.1,190,990.4
Krakow,2026-09-08,2026-08-31,-8,archiwum_openmeteo,1.0,28.7,15.0,8.8,228,989.2
Krakow,2026-09-08,2026-09-01,-7,archiwum_openmeteo,0.3,22.7,15.0,18.4,265,992.5
Krakow,2026-09-08,2026-09-02,-6,archiwum_openmeteo,0.0,23.6,12.5,11.2,256,994.4
Krakow,2026-09-08,2026-09-03,-5,archiwum_openmeteo,2.3,22.0,12.9,9.2,248,992.6
Krakow,2026-09-08,2026-09-04,-4,archiwum_openmeteo,0.1,24.9,16.4,24.7,250,988.0
Krakow,2026-09-08,2026-09-05,-3,archiwum_openmeteo,2.4,21.4,15.0,22.7,270,990.4
Krakow,2026-09-08,2026-09-06,-2,archiwum_openmeteo,0.1,18.2,11.0,23.9,282,998.3
Gdansk,2026-09-08,2026-09-08,0,prognoza,0.0,24.8,11.0,19.1,183,1008.7
Gdansk,2026-09-08,2026-09-09,1,prognoza,1.4,21.3,14.3,9.4,226,1004.0
Gdansk,2026-09-08,2026-09-10,2,prognoza,0.0,17.9,12.4,16.4,269,1011.4
Gdansk,2026-09-08,2026-09-11,3,prognoza,0.0,18.9,12.1,7.4,278,1018.1
Gdansk,2026-09-08,2026-09-12,4,prognoza,0.0,19.8,12.6,6.7,242,1021.0
Gdansk,2026-09-08,2026-09-13,5,prognoza,0.0,22.0,11.1,10.0,220,1021.2
Gdansk,2026-09-08,2026-09-14,6,prognoza,0.0,22.3,13.5,12.6,212,1020.5
Gdansk,2026-09-08,2026-08-29,-10,archiwum_openmeteo,28.1,22.6,14.9,16.4,201,1008.6
Gdansk,2026-09-08,2026-08-30,-9,archiwum_openmeteo,0.5,24.0,15.6,20.4,200,1009.1
Gdansk,2026-09-08,2026-08-31,-8,archiwum_openmeteo,0.9,23.6,15.6,12.9,215,1009.5
Gdansk,2026-09-08,2026-09-01,-7,archiwum_openmeteo,3.5,20.5,14.7,18.1,262,1010.3
Gdansk,2026-09-08,2026-09-02,-6,archiwum_openmeteo,1.1,20.1,14.4,18.4,261,1014.6
Gdansk,2026-09-08,2026-09-03,-5,archiwum_openmeteo,3.9,21.8,13.9,21.5,221,1011.9
Gdansk,2026-09-08,2026-09-04,-4,archiwum_openmeteo,20.1,19.9,15.4,26.1,247,1002.3
Gdansk,2026-09-08,2026-09-05,-3,archiwum_openmeteo,4.1,17.7,12.7,32.1,262,1005.2
Gdansk,2026-09-08,2026-09-06,-2,archiwum_openmeteo,3.1,18.7,12.2,26.2,289,1016.7
Warszawa,2026-09-09,2026-09-09,0,prognoza,0.0,29.3,17.3,17.6,235,994.4
Warszawa,2026-09-09,2026-09-10,1,prognoza,4.4,19.2,14.0,20.2,270,1001.7
Warszawa,2026-09-09,2026-09-11,2,prognoza,0.0,17.5,12.6,11.5,263,1007.2
Warszawa,2026-09-09,2026-09-12,3,prognoza,0.0,18.5,10.0,7.7,277,1007.9
Warszawa,2026-09-09,2026-09-13,4,prognoza,0.3,19.3,11.1,9.5,205,1004.4
Warszawa,2026-09-09,2026-09-14,5,prognoza,3.3,20.7,13.0,8.6,244,1002.2
Warszawa,2026-09-09,2026-09-15,6,prognoza,0.6,17.4,11.9,7.2,296,1005.2
Warszawa,2026-09-09,2026-08-30,-10,archiwum_openmeteo,0.0,25.3,13.8,12.1,182,1001.6
Warszawa,2026-09-09,2026-08-31,-9,archiwum_openmeteo,2.4,25.9,16.0,11.5,199,1000.4
Warszawa,2026-09-09,2026-09-01,-8,archiwum_openmeteo,3.2,19.9,15.4,20.7,259,1001.9
Warszawa,2026-09-09,2026-09-02,-7,archiwum_openmeteo,0.4,21.2,13.6,14.4,262,1005.2
Warszawa,2026-09-09,2026-09-03,-6,archiwum_openmeteo,7.0,21.9,12.1,12.3,236,1003.5
Warszawa,2026-09-09,2026-09-04,-5,archiwum_openmeteo,2.4,22.1,15.7,24.8,242,995.8
Warszawa,2026-09-09,2026-09-05,-4,archiwum_openmeteo,2.5,19.7,13.1,25.6,271,997.9
Warszawa,2026-09-09,2026-09-06,-3,archiwum_openmeteo,2.2,18.7,12.0,24.1,282,1006.9
Warszawa,2026-09-09,2026-09-07,-2,archiwum_openmeteo,0.0,19.7,9.6,10.3,226,1010.7
Krakow,2026-09-09,2026-09-09,0,prognoza,0.0,32.4,18.1,18.0,293,983.3
Krakow,2026-09-09,2026-09-10,1,prognoza,1.5,21.0,14.7,13.7,288,991.4
Krakow,2026-09-09,2026-09-11,2,prognoza,9.28,14.6,12.5,12.9,43,994.3
Krakow,2026-09-09,2026-09-12,3,prognoza,0.0,16.8,9.7,9.0,238,996.2
Krakow,2026-09-09,2026-09-13,4,prognoza,0.0,21.5,8.9,8.7,235,993.6
Krakow,2026-09-09,2026-09-14,5,prognoza,2.6,19.7,13.8,18.4,256,991.0
Krakow,2026-09-09,2026-09-15,6,prognoza,0.7,17.1,13.4,10.4,309,993.3
Krakow,2026-09-09,2026-08-30,-10,archiwum_openmeteo,0.0,26.6,12.2,9.1,190,990.4
Krakow,2026-09-09,2026-08-31,-9,archiwum_openmeteo,1.0,28.7,15.0,8.8,228,989.2
Krakow,2026-09-09,2026-09-01,-8,archiwum_openmeteo,0.3,22.7,15.0,18.4,265,992.5
Krakow,2026-09-09,2026-09-02,-7,archiwum_openmeteo,0.0,23.6,12.5,11.2,256,994.4
Krakow,2026-09-09,2026-09-03,-6,archiwum_openmeteo,2.3,22.0,12.9,9.2,248,992.6
Krakow,2026-09-09,2026-09-04,-5,archiwum_openmeteo,0.1,24.9,16.4,24.7,250,988.0
Krakow,2026-09-09,2026-09-05,-4,archiwum_openmeteo,2.4,21.4,15.0,22.7,270,990.4
Krakow,2026-09-09,2026-09-06,-3,archiwum_openmeteo,0.1,18.2,11.0,23.9,282,998.3
Krakow,2026-09-09,2026-09-07,-2,archiwum_openmeteo,0.0,20.9,7.6,6.9,139,998.8
Gdansk,2026-09-09,2026-09-09,0,prognoza,0.2,21.8,14.4,21.2,227,1003.7
Gdansk,2026-09-09,2026-09-10,1,prognoza,0.0,18.2,12.1,25.0,262,1010.3
Gdansk,2026-09-09,2026-09-11,2,prognoza,0.0,19.0,11.1,11.4,253,1017.1
Gdansk,2026-09-09,2026-09-12,3,prognoza,0.0,19.9,12.9,10.8,220,1016.8
Gdansk,2026-09-09,2026-09-13,4,prognoza,2.8,16.9,14.5,9.7,214,1014.7
Gdansk,2026-09-09,2026-09-14,5,prognoza,4.4,18.3,12.1,14.5,257,1013.2
Gdansk,2026-09-09,2026-09-15,6,prognoza,0.0,22.4,10.1,11.5,203,1012.5
Gdansk,2026-09-09,2026-08-30,-10,archiwum_openmeteo,0.5,24.0,15.6,20.4,200,1009.1
Gdansk,2026-09-09,2026-08-31,-9,archiwum_openmeteo,0.9,23.6,15.6,12.9,215,1009.5
Gdansk,2026-09-09,2026-09-01,-8,archiwum_openmeteo,3.5,20.5,14.7,18.1,262,1010.3
Gdansk,2026-09-09,2026-09-02,-7,archiwum_openmeteo,1.1,20.1,14.4,18.4,261,1014.6
Gdansk,2026-09-09,2026-09-03,-6,archiwum_openmeteo,3.9,21.8,13.9,21.5,221,1011.9
Gdansk,2026-09-09,2026-09-04,-5,archiwum_openmeteo,20.1,19.9,15.4,26.1,247,1002.3
Gdansk,2026-09-09,2026-09-05,-4,archiwum_openmeteo,4.1,17.7,12.7,32.1,262,1005.2
Gdansk,2026-09-09,2026-09-06,-3,archiwum_openmeteo,3.1,18.7,12.2,26.2,289,1016.7
Gdansk,2026-09-09,2026-09-07,-2,archiwum_openmeteo,0.2,20.1,11.8,13.8,212,1020.1
Krakow,2026-09-10,2026-08-31,-10,archiwum_openmeteo,1.0,28.7,15.0,8.8,228,989.2
Krakow,2026-09-10,2026-09-01,-9,archiwum_openmeteo,0.3,22.7,15.0,18.4,265,992.5
Krakow,2026-09-10,2026-09-02,-8,archiwum_openmeteo,0.0,23.6,12.5,11.2,256,994.4
Krakow,2026-09-10,2026-09-03,-7,archiwum_openmeteo,2.3,22.0,12.9,9.2,248,992.6
Krakow,2026-09-10,2026-09-04,-6,archiwum_openmeteo,0.1,24.9,16.4,24.7,250,988.0
Krakow,2026-09-10,2026-09-05,-5,archiwum_openmeteo,2.4,21.4,15.0,22.7,270,990.4
Krakow,2026-09-10,2026-09-06,-4,archiwum_openmeteo,0.1,18.2,11.0,23.9,282,998.3
Krakow,2026-09-10,2026-09-07,-3,archiwum_openmeteo,0.0,20.9,7.6,6.9,139,998.8
Krakow,2026-09-10,2026-09-08,-2,archiwum_openmeteo,0.0,28.7,12.2,10.7,215,989.5
Krakow,2026-09-10,2026-09-10,0,prognoza,2.1,20.9,15.1,17.6,298,991.5
Krakow,2026-09-10,2026-09-11,1,prognoza,4.3,14.6,12.2,11.2,54,995.0
Krakow,2026-09-10,2026-09-12,2,prognoza,0.38,16.8,11.1,6.9,289,996.7
Krakow,2026-09-10,2026-09-13,3,prognoza,0.0,18.7,8.4,5.7,178,996.1
Krakow,2026-09-10,2026-09-14,4,prognoza,0.6,20.4,9.1,12.7,257,994.6
Krakow,2026-09-10,2026-09-15,5,prognoza,0.0,21.3,12.4,8.0,242,992.7
Krakow,2026-09-10,2026-09-16,6,prognoza,3.6,24.0,13.5,21.6,254,986.9
Warszawa,2026-09-11,2026-09-11,0,prognoza,0.4,16.7,10.8,10.8,289,1008.0
Warszawa,2026-09-11,2026-09-12,1,prognoza,0.2,19.7,12.3,10.1,288,1008.6
Warszawa,2026-09-11,2026-09-13,2,prognoza,0.1,19.8,12.8,11.5,226,1007.1
Warszawa,2026-09-11,2026-09-14,3,prognoza,0.9,18.9,12.7,10.2,283,1005.7
Warszawa,2026-09-11,2026-09-15,4,prognoza,0.0,15.5,11.5,8.6,274,1006.7
Warszawa,2026-09-11,2026-09-16,5,prognoza,0.8,22.1,10.2,10.1,173,999.3
Warszawa,2026-09-11,2026-09-17,6,prognoza,2.8,18.6,11.9,17.4,274,999.3
Warszawa,2026-09-11,2026-09-01,-10,archiwum_openmeteo,3.2,19.9,15.4,20.7,259,1001.9
Warszawa,2026-09-11,2026-09-02,-9,archiwum_openmeteo,0.4,21.2,13.6,14.4,262,1005.2
Warszawa,2026-09-11,2026-09-03,-8,archiwum_openmeteo,7.0,21.9,12.1,12.3,236,1003.5
Warszawa,2026-09-11,2026-09-04,-7,archiwum_openmeteo,2.4,22.1,15.7,24.8,242,995.8
Warszawa,2026-09-11,2026-09-05,-6,archiwum_openmeteo,2.5,19.7,13.1,25.6,271,997.9
Warszawa,2026-09-11,2026-09-06,-5,archiwum_openmeteo,2.2,18.7,12.0,24.1,282,1006.9
Warszawa,2026-09-11,2026-09-07,-4,archiwum_openmeteo,0.0,19.7,9.6,10.3,226,1010.7
Warszawa,2026-09-11,2026-09-08,-3,archiwum_openmeteo,0.0,26.1,13.0,11.1,160,1000.6
Warszawa,2026-09-11,2026-09-09,-2,archiwum_openmeteo,0.0,28.1,17.2,13.6,235,994.5
Krakow,2026-09-11,2026-09-11,0,prognoza,9.7,14.1,11.3,11.2,39,994.9
Krakow,2026-09-11,2026-09-12,1,prognoza,1.4,16.1,10.8,8.3,283,997.2
Krakow,2026-09-11,2026-09-13,2,prognoza,0.0,20.7,9.5,9.7,254,995.7
Krakow,2026-09-11,2026-09-14,3,prognoza,6.02,20.2,13.1,12.5,265,994.5
Krakow,2026-09-11,2026-09-15,4,prognoza,0.0,16.9,10.4,11.0,248,994.8
Krakow,2026-09-11,2026-09-16,5,prognoza,2.0,23.4,9.5,8.3,202,987.9
Krakow,2026-09-11,2026-09-17,6,prognoza,8.5,17.7,11.3,14.1,258,988.7
Krakow,2026-09-11,2026-09-01,-10,archiwum_openmeteo,0.3,22.7,15.0,18.4,265,992.5
Krakow,2026-09-11,2026-09-02,-9,archiwum_openmeteo,0.0,23.6,12.5,11.2,256,994.4
Krakow,2026-09-11,2026-09-03,-8,archiwum_openmeteo,2.3,22.0,12.9,9.2,248,992.6
Krakow,2026-09-11,2026-09-04,-7,archiwum_openmeteo,0.1,24.9,16.4,24.7,250,988.0
Krakow,2026-09-11,2026-09-05,-6,archiwum_openmeteo,2.4,21.4,15.0,22.7,270,990.4
Krakow,2026-09-11,2026-09-06,-5,archiwum_openmeteo,0.1,18.2,11.0,23.9,282,998.3
Krakow,2026-09-11,2026-09-07,-4,archiwum_openmeteo,0.0,20.9,7.6,6.9,139,998.8
Krakow,2026-09-11,2026-09-08,-3,archiwum_openmeteo,0.0,28.7,12.2,10.7,215,989.5
Krakow,2026-09-11,2026-09-09,-2,archiwum_openmeteo,0.0,29.6,18.0,13.5,249,983.4
Gdansk,2026-09-11,2026-09-11,0,prognoza,0.0,18.1,9.1,10.9,229,1018.6
Gdansk,2026-09-11,2026-09-12,1,prognoza,0.0,19.5,8.4,9.7,229,1019.5
Gdansk,2026-09-11,2026-09-13,2,prognoza,3.28,16.4,13.4,11.5,215,1015.4
Gdansk,2026-09-11,2026-09-14,3,prognoza,0.3,19.6,13.8,11.7,320,1018.0
Gdansk,2026-09-11,2026-09-15,4,prognoza,0.0,17.2,12.1,10.7,217,1016.7
Gdansk,2026-09-11,2026-09-16,5,prognoza,15.45,16.7,12.0,12.4,252,1008.7
Gdansk,2026-09-11,2026-09-17,6,prognoza,0.0,16.1,11.9,16.8,247,1010.8
Gdansk,2026-09-11,2026-09-01,-10,archiwum_openmeteo,3.5,20.5,14.7,18.1,262,1010.3
Gdansk,2026-09-11,2026-09-02,-9,archiwum_openmeteo,1.1,20.1,14.4,18.4,261,1014.6
Gdansk,2026-09-11,2026-09-03,-8,archiwum_openmeteo,3.9,21.8,13.9,21.5,221,1011.9
Gdansk,2026-09-11,2026-09-04,-7,archiwum_openmeteo,20.1,19.9,15.4,26.1,247,1002.3
Gdansk,2026-09-11,2026-09-05,-6,archiwum_openmeteo,4.1,17.7,12.7,32.1,262,1005.2
Gdansk,2026-09-11,2026-09-06,-5,archiwum_openmeteo,3.1,18.7,12.2,26.2,289,1016.7
Gdansk,2026-09-11,2026-09-07,-4,archiwum_openmeteo,0.2,20.1,11.8,13.8,212,1020.1
Gdansk,2026-09-11,2026-09-08,-3,archiwum_openmeteo,0.9,25.4,12.9,15.5,184,1008.6
Gdansk,2026-09-11,2026-09-09,-2,archiwum_openmeteo,0.3,23.4,15.5,22.7,227,1003.6
Zakopane,2026-09-11,2026-09-11,0,prognoza,14.3,10.9,7.8,11.5,47,925.9
Zakopane,2026-09-11,2026-09-12,1,prognoza,2.7,11.0,5.8,7.6,324,928.9
Zakopane,2026-09-11,2026-09-13,2,prognoza,0.0,15.8,5.0,9.4,213,928.4
Zakopane,2026-09-11,2026-09-14,3,prognoza,7.4,15.9,9.8,10.9,275,927.5
Zakopane,2026-09-11,2026-09-15,4,prognoza,0.0,16.5,7.7,9.7,285,927.1
Zakopane,2026-09-11,2026-09-16,5,prognoza,0.0,20.1,8.1,8.1,55,922.0
Zakopane,2026-09-11,2026-09-17,6,prognoza,19.8,13.5,7.5,11.0,270,921.9
Zakopane,2026-09-11,2026-09-01,-10,archiwum_openmeteo,0.0,20.7,11.0,19.0,272,926.6
Zakopane,2026-09-11,2026-09-02,-9,archiwum_openmeteo,0.2,19.8,9.9,12.5,283,928.1
Zakopane,2026-09-11,2026-09-03,-8,archiwum_openmeteo,2.6,19.7,10.3,16.8,252,926.4
Zakopane,2026-09-11,2026-09-04,-7,archiwum_openmeteo,0.1,21.6,12.9,29.0,249,923.9
Zakopane,2026-09-11,2026-09-05,-6,archiwum_openmeteo,1.9,20.1,11.2,22.1,262,924.8
Zakopane,2026-09-11,2026-09-06,-5,archiwum_openmeteo,0.3,15.2,7.7,21.8,284,930.9
Zakopane,2026-09-11,2026-09-07,-4,archiwum_openmeteo,0.0,19.2,6.1,8.4,307,931.4
Zakopane,2026-09-11,2026-09-08,-3,archiwum_openmeteo,0.0,25.1,9.8,12.2,230,924.8
Zakopane,2026-09-11,2026-09-09,-2,archiwum_openmeteo,0.0,27.0,13.2,12.3,192,919.4
Warszawa,2026-09-12,2026-09-12,0,prognoza,0.8,19.2,12.2,11.5,289,1008.7
Warszawa,2026-09-12,2026-09-13,1,prognoza,0.5,19.0,13.5,14.4,216,1006.5
Warszawa,2026-09-12,2026-09-14,2,prognoza,0.68,19.2,14.4,11.9,298,1006.5
Warszawa,2026-09-12,2026-09-15,3,prognoza,0.8,17.0,12.2,9.7,291,1007.3
Warszawa,2026-09-12,2026-09-16,4,prognoza,0.2,21.5,10.4,11.2,166,1000.3
Warszawa,2026-09-12,2026-09-17,5,prognoza,4.0,18.1,11.8,12.6,271,999.3
Warszawa,2026-09-12,2026-09-18,6,prognoza,0.0,19.8,11.3,14.4,223,998.8
Warszawa,2026-09-12,2026-09-02,-10,archiwum_openmeteo,0.4,21.2,13.6,14.4,262,1005.2
Warszawa,2026-09-12,2026-09-03,-9,archiwum_openmeteo,7.0,21.9,12.1,12.3,236,1003.5
Warszawa,2026-09-12,2026-09-04,-8,archiwum_openmeteo,2.4,22.1,15.7,24.8,242,995.8
Warszawa,2026-09-12,2026-09-05,-7,archiwum_openmeteo,2.5,19.7,13.1,25.6,271,997.9
Warszawa,2026-09-12,2026-09-06,-6,archiwum_openmeteo,2.2,18.7,12.0,24.1,282,1006.9
Warszawa,2026-09-12,2026-09-07,-5,archiwum_openmeteo,0.0,19.7,9.6,10.3,226,1010.7
Warszawa,2026-09-12,2026-09-08,-4,archiwum_openmeteo,0.0,26.1,13.0,11.1,160,1000.6
Warszawa,2026-09-12,2026-09-09,-3,archiwum_openmeteo,0.0,28.1,17.2,13.6,235,994.5
Warszawa,2026-09-12,2026-09-10,-2,archiwum_openmeteo,5.7,18.3,11.2,20.7,264,1002.1
Krakow,2026-09-12,2026-09-12,0,prognoza,1.1,16.5,11.0,8.6,292,997.1
Krakow,2026-09-12,2026-09-13,1,prognoza,0.0,19.6,9.6,6.8,235,995.1
Krakow,2026-09-12,2026-09-14,2,prognoza,5.0,18.6,14.5,10.6,267,995.2
Krakow,2026-09-12,2026-09-15,3,prognoza,0.0,18.2,10.1,12.8,258,995.3
Krakow,2026-09-12,2026-09-16,4,prognoza,0.0,23.1,9.0,9.1,180,988.6
Krakow,2026-09-12,2026-09-17,5,prognoza,11.4,18.2,10.5,12.4,256,988.5
Krakow,2026-09-12,2026-09-18,6,prognoza,0.0,21.0,10.1,11.5,247,987.9
Krakow,2026-09-12,2026-09-02,-10,archiwum_openmeteo,0.0,23.6,12.5,11.2,256,994.4
Krakow,2026-09-12,2026-09-03,-9,archiwum_openmeteo,2.3,22.0,12.9,9.2,248,992.6
Krakow,2026-09-12,2026-09-04,-8,archiwum_openmeteo,0.1,24.9,16.4,24.7,250,988.0
Krakow,2026-09-12,2026-09-05,-7,archiwum_openmeteo,2.4,21.4,15.0,22.7,270,990.4
Krakow,2026-09-12,2026-09-06,-6,archiwum_openmeteo,0.1,18.2,11.0,23.9,282,998.3
Krakow,2026-09-12,2026-09-07,-5,archiwum_openmeteo,0.0,20.9,7.6,6.9,139,998.8
Krakow,2026-09-12,2026-09-08,-4,archiwum_openmeteo,0.0,28.7,12.2,10.7,215,989.5
Krakow,2026-09-12,2026-09-09,-3,archiwum_openmeteo,0.0,29.6,18.0,13.5,249,983.4
Krakow,2026-09-12,2026-09-10,-2,archiwum_openmeteo,3.1,19.6,12.2,13.3,288,991.6
Gdansk,2026-09-12,2026-09-12,0,prognoza,0.0,19.0,8.9,8.1,214,1019.3
Gdansk,2026-09-12,2026-09-13,1,prognoza,2.6,17.0,13.2,10.2,214,1015.7
Gdansk,2026-09-12,2026-09-14,2,prognoza,1.1,18.7,13.0,11.6,310,1019.9
Gdansk,2026-09-12,2026-09-15,3,prognoza,0.0,17.5,10.8,11.6,203,1018.3
Gdansk,2026-09-12,2026-09-16,4,prognoza,4.1,20.4,14.6,11.4,220,1009.8
Gdansk,2026-09-12,2026-09-17,5,prognoza,0.7,17.2,11.1,13.7,266,1011.7
Gdansk,2026-09-12,2026-09-18,6,prognoza,0.0,18.4,12.1,15.8,221,1011.8
Gdansk,2026-09-12,2026-09-02,-10,archiwum_openmeteo,1.1,20.1,14.4,18.4,261,1014.6
Gdansk,2026-09-12,2026-09-03,-9,archiwum_openmeteo,3.9,21.8,13.9,21.5,221,1011.9
Gdansk,2026-09-12,2026-09-04,-8,archiwum_openmeteo,20.1,19.9,15.4,26.1,247,1002.3
Gdansk,2026-09-12,2026-09-05,-7,archiwum_openmeteo,4.1,17.7,12.7,32.1,262,1005.2
Gdansk,2026-09-12,2026-09-06,-6,archiwum_openmeteo,3.1,18.7,12.2,26.2,289,1016.7
Gdansk,2026-09-12,2026-09-07,-5,archiwum_openmeteo,0.2,20.1,11.8,13.8,212,1020.1
Gdansk,2026-09-12,2026-09-08,-4,archiwum_openmeteo,0.9,25.4,12.9,15.5,184,1008.6
Gdansk,2026-09-12,2026-09-09,-3,archiwum_openmeteo,0.3,23.4,15.5,22.7,227,1003.6
Gdansk,2026-09-12,2026-09-10,-2,archiwum_openmeteo,0.3,18.2,12.1,23.5,262,1010.9
Zakopane,2026-09-12,2026-09-02,-10,archiwum_openmeteo,0.2,19.8,9.9,12.5,283,928.1
Zakopane,2026-09-12,2026-09-03,-9,archiwum_openmeteo,2.6,19.7,10.3,16.8,252,926.4
Zakopane,2026-09-12,2026-09-04,-8,archiwum_openmeteo,0.1,21.6,12.9,29.0,249,923.9
Zakopane,2026-09-12,2026-09-05,-7,archiwum_openmeteo,1.9,20.1,11.2,22.1,262,924.8
Zakopane,2026-09-12,2026-09-06,-6,archiwum_openmeteo,0.3,15.2,7.7,21.8,284,930.9
Zakopane,2026-09-12,2026-09-07,-5,archiwum_openmeteo,0.0,19.2,6.1,8.4,307,931.4
Zakopane,2026-09-12,2026-09-08,-4,archiwum_openmeteo,0.0,25.1,9.8,12.2,230,924.8
Zakopane,2026-09-12,2026-09-09,-3,archiwum_openmeteo,0.0,27.0,13.2,12.3,192,919.4
Zakopane,2026-09-12,2026-09-10,-2,archiwum_openmeteo,4.6,15.8,11.3,11.3,342,924.5
Zakopane,2026-09-12,2026-09-12,0,prognoza,3.0,11.0,7.4,7.9,328,928.9
Zakopane,2026-09-12,2026-09-13,1,prognoza,0.0,15.3,5.5,9.0,216,927.8
Zakopane,2026-09-12,2026-09-14,2,prognoza,4.55,14.1,9.8,7.2,229,928.1
Zakopane,2026-09-12,2026-09-15,3,prognoza,1.1,16.6,8.8,9.8,338,927.7
Zakopane,2026-09-12,2026-09-16,4,prognoza,0.0,21.0,8.0,7.1,9,922.6
Zakopane,2026-09-12,2026-09-17,5,prognoza,6.3,13.1,8.1,8.4,265,921.6
Zakopane,2026-09-12,2026-09-18,6,prognoza,0.0,17.2,7.6,14.2,263,921.5
Warszawa,2026-09-13,2026-09-13,0,prognoza,0.0,18.9,12.7,15.8,209,1006.6
Warszawa,2026-09-13,2026-09-14,1,prognoza,0.1,17.6,14.9,8.3,272,1006.5
Warszawa,2026-09-13,2026-09-15,2,prognoza,1.53,18.8,13.2,8.6,308,1006.9
Warszawa,2026-09-13,2026-09-16,3,prognoza,0.0,23.0,11.0,10.8,178,999.0
Warszawa,2026-09-13,2026-09-17,4,prognoza,12.0,17.2,11.5,11.8,256,997.3
Warszawa,2026-09-13,2026-09-18,5,prognoza,0.0,20.2,10.2,13.9,167,997.9
Warszawa,2026-09-13,2026-09-19,6,prognoza,0.0,19.0,13.2,17.3,235,1002.4
Warszawa,2026-09-13,2026-09-03,-10,archiwum_openmeteo,7.0,21.9,12.1,12.3,236,1003.5
Warszawa,2026-09-13,2026-09-04,-9,archiwum_openmeteo,2.4,22.1,15.7,24.8,242,995.8
Warszawa,2026-09-13,2026-09-05,-8,archiwum_openmeteo,2.5,19.7,13.1,25.6,271,997.9
Warszawa,2026-09-13,2026-09-06,-7,archiwum_openmeteo,2.2,18.7,12.0,24.1,282,1006.9
Warszawa,2026-09-13,2026-09-07,-6,archiwum_openmeteo,0.0,19.7,9.6,10.3,226,1010.7
Warszawa,2026-09-13,2026-09-08,-5,archiwum_openmeteo,0.0,26.1,13.0,11.1,160,1000.6
Warszawa,2026-09-13,2026-09-09,-4,archiwum_openmeteo,0.0,28.1,17.2,13.6,235,994.5
Warszawa,2026-09-13,2026-09-10,-3,archiwum_openmeteo,5.7,18.3,11.2,20.7,264,1002.1
Warszawa,2026-09-13,2026-09-11,-2,archiwum_openmeteo,0.8,16.1,8.6,7.8,268,1007.9
Krakow,2026-09-13,2026-09-03,-10,archiwum_openmeteo,2.3,22.0,12.9,9.2,248,992.6
Krakow,2026-09-13,2026-09-04,-9,archiwum_openmeteo,0.1,24.9,16.4,24.7,250,988.0
Krakow,2026-09-13,2026-09-05,-8,archiwum_openmeteo,2.4,21.4,15.0,22.7,270,990.4
Krakow,2026-09-13,2026-09-06,-7,archiwum_openmeteo,0.1,18.2,11.0,23.9,282,998.3
Krakow,2026-09-13,2026-09-07,-6,archiwum_openmeteo,0.0,20.9,7.6,6.9,139,998.8
Krakow,2026-09-13,2026-09-08,-5,archiwum_openmeteo,0.0,28.7,12.2,10.7,215,989.5
Krakow,2026-09-13,2026-09-09,-4,archiwum_openmeteo,0.0,29.6,18.0,13.5,249,983.4
Krakow,2026-09-13,2026-09-10,-3,archiwum_openmeteo,3.1,19.6,12.2,13.3,288,991.6
Krakow,2026-09-13,2026-09-11,-2,archiwum_openmeteo,16.5,12.3,10.6,14.1,33,994.7
Krakow,2026-09-13,2026-09-13,0,prognoza,0.1,18.9,8.7,7.6,209,995.2
Krakow,2026-09-13,2026-09-14,1,prognoza,1.0,17.8,14.7,9.4,260,994.7
Krakow,2026-09-13,2026-09-15,2,prognoza,0.93,19.9,12.2,9.4,272,995.1
Krakow,2026-09-13,2026-09-16,3,prognoza,0.0,24.8,10.0,7.6,220,987.9
Krakow,2026-09-13,2026-09-17,4,prognoza,14.1,16.4,10.0,13.1,259,986.9
Krakow,2026-09-13,2026-09-18,5,prognoza,0.9,20.8,9.0,8.3,126,986.0
Krakow,2026-09-13,2026-09-19,6,prognoza,0.0,20.0,12.4,17.5,255,992.7
Gdansk,2026-09-13,2026-09-03,-10,archiwum_openmeteo,3.9,21.8,13.9,21.5,221,1011.9
Gdansk,2026-09-13,2026-09-04,-9,archiwum_openmeteo,20.1,19.9,15.4,26.1,247,1002.3
Gdansk,2026-09-13,2026-09-05,-8,archiwum_openmeteo,4.1,17.7,12.7,32.1,262,1005.2
Gdansk,2026-09-13,2026-09-06,-7,archiwum_openmeteo,3.1,18.7,12.2,26.2,289,1016.7
Gdansk,2026-09-13,2026-09-07,-6,archiwum_openmeteo,0.2,20.1,11.8,13.8,212,1020.1
Gdansk,2026-09-13,2026-09-08,-5,archiwum_openmeteo,0.9,25.4,12.9,15.5,184,1008.6
Gdansk,2026-09-13,2026-09-09,-4,archiwum_openmeteo,0.3,23.4,15.5,22.7,227,1003.6
Gdansk,2026-09-13,2026-09-10,-3,archiwum_openmeteo,0.3,18.2,12.1,23.5,262,1010.9
Gdansk,2026-09-13,2026-09-11,-2,archiwum_openmeteo,0.0,17.8,10.5,13.5,276,1018.8
Gdansk,2026-09-13,2026-09-13,0,prognoza,0.3,16.5,12.2,10.3,203,1015.5
Gdansk,2026-09-13,2026-09-14,1,prognoza,0.7,19.2,13.9,13.8,332,1018.4
Gdansk,2026-09-13,2026-09-15,2,prognoza,0.0,17.2,11.9,8.1,224,1017.5
Gdansk,2026-09-13,2026-09-16,3,prognoza,1.2,20.3,12.8,13.3,204,1006.6
Gdansk,2026-09-13,2026-09-17,4,prognoza,0.0,18.3,10.2,13.5,248,1007.8
Gdansk,2026-09-13,2026-09-18,5,prognoza,0.0,18.1,10.2,12.9,207,1009.5
Gdansk,2026-09-13,2026-09-19,6,prognoza,0.3,19.1,11.0,15.3,219,1012.0
Zakopane,2026-09-13,2026-09-03,-10,archiwum_openmeteo,2.6,19.7,10.3,16.8,252,926.4
Zakopane,2026-09-13,2026-09-04,-9,archiwum_openmeteo,0.1,21.6,12.9,29.0,249,923.9
Zakopane,2026-09-13,2026-09-05,-8,archiwum_openmeteo,1.9,20.1,11.2,22.1,262,924.8
Zakopane,2026-09-13,2026-09-06,-7,archiwum_openmeteo,0.3,15.2,7.7,21.8,284,930.9
Zakopane,2026-09-13,2026-09-07,-6,archiwum_openmeteo,0.0,19.2,6.1,8.4,307,931.4
Zakopane,2026-09-13,2026-09-08,-5,archiwum_openmeteo,0.0,25.1,9.8,12.2,230,924.8
Zakopane,2026-09-13,2026-09-09,-4,archiwum_openmeteo,0.0,27.0,13.2,12.3,192,919.4
Zakopane,2026-09-13,2026-09-10,-3,archiwum_openmeteo,4.6,15.8,11.3,11.3,342,924.5
Zakopane,2026-09-13,2026-09-11,-2,archiwum_openmeteo,12.3,11.6,8.0,13.1,37,925.9
Zakopane,2026-09-13,2026-09-13,0,prognoza,1.2,14.5,5.7,8.6,211,927.9
Zakopane,2026-09-13,2026-09-14,1,prognoza,5.1,12.5,11.0,4.3,226,927.6
Zakopane,2026-09-13,2026-09-15,2,prognoza,5.93,17.7,9.2,8.1,332,928.0
Zakopane,2026-09-13,2026-09-16,3,prognoza,0.0,21.4,7.7,8.0,153,922.0
Zakopane,2026-09-13,2026-09-17,4,prognoza,13.5,12.9,7.3,15.9,252,920.0
Zakopane,2026-09-13,2026-09-18,5,prognoza,2.1,16.8,6.0,12.3,333,919.4
Zakopane,2026-09-13,2026-09-19,6,prognoza,0.0,16.3,9.6,16.9,255,926.1
Warszawa,2026-09-14,2026-09-14,0,prognoza,0.0,19.6,14.9,10.1,281,1006.9
Warszawa,2026-09-14,2026-09-15,1,prognoza,3.6,19.5,14.1,9.4,266,1007.5
Warszawa,2026-09-14,2026-09-16,2,prognoza,0.0,24.0,12.0,14.4,181,999.9
Warszawa,2026-09-14,2026-09-17,3,prognoza,16.5,16.2,10.8,11.2,254,999.3
Warszawa,2026-09-14,2026-09-18,4,prognoza,0.0,19.7,8.8,8.2,173,1000.4
Warszawa,2026-09-14,2026-09-19,5,prognoza,0.3,20.9,14.2,9.8,242,1004.2
Warszawa,2026-09-14,2026-09-20,6,prognoza,0.0,19.8,13.2,18.7,246,1005.4
Warszawa,2026-09-14,2026-09-04,-10,archiwum_openmeteo,2.4,22.1,15.7,24.8,242,995.8
Warszawa,2026-09-14,2026-09-05,-9,archiwum_openmeteo,2.5,19.7,13.1,25.6,271,997.9
Warszawa,2026-09-14,2026-09-06,-8,archiwum_openmeteo,2.2,18.7,12.0,24.1,282,1006.9
Warszawa,2026-09-14,2026-09-07,-7,archiwum_openmeteo,0.0,19.7,9.6,10.3,226,1010.7
Warszawa,2026-09-14,2026-09-08,-6,archiwum_openmeteo,0.0,26.1,13.0,11.1,160,1000.6
Warszawa,2026-09-14,2026-09-09,-5,archiwum_openmeteo,0.0,28.1,17.2,13.6,235,994.5
Warszawa,2026-09-14,2026-09-10,-4,archiwum_openmeteo,5.7,18.3,11.2,20.7,264,1002.1
Warszawa,2026-09-14,2026-09-11,-3,archiwum_openmeteo,0.8,16.1,8.6,7.8,268,1007.9
Warszawa,2026-09-14,2026-09-12,-2,archiwum_openmeteo,0.1,18.3,10.6,9.3,286,1008.7
Krakow,2026-09-14,2026-09-14,0,prognoza,1.9,19.4,14.3,9.4,268,995.3
Krakow,2026-09-14,2026-09-15,1,prognoza,0.2,22.0,15.0,10.4,267,995.6
Krakow,2026-09-14,2026-09-16,2,prognoza,0.0,27.3,12.2,15.1,219,988.6
Krakow,2026-09-14,2026-09-17,3,prognoza,2.2,23.0,13.6,16.4,304,987.2
Krakow,2026-09-14,2026-09-18,4,prognoza,3.2,20.1,13.0,8.0,57,987.7
Krakow,2026-09-14,2026-09-19,5,prognoza,1.6,20.2,13.3,9.7,241,993.3
Krakow,2026-09-14,2026-09-20,6,prognoza,0.5,21.5,11.1,13.4,257,995.6
Krakow,2026-09-14,2026-09-04,-10,archiwum_openmeteo,0.1,24.9,16.4,24.7,250,988.0
Krakow,2026-09-14,2026-09-05,-9,archiwum_openmeteo,2.4,21.4,15.0,22.7,270,990.4
Krakow,2026-09-14,2026-09-06,-8,archiwum_openmeteo,0.1,18.2,11.0,23.9,282,998.3
Krakow,2026-09-14,2026-09-07,-7,archiwum_openmeteo,0.0,20.9,7.6,6.9,139,998.8
Krakow,2026-09-14,2026-09-08,-6,archiwum_openmeteo,0.0,28.7,12.2,10.7,215,989.5
Krakow,2026-09-14,2026-09-09,-5,archiwum_openmeteo,0.0,29.6,18.0,13.5,249,983.4
Krakow,2026-09-14,2026-09-10,-4,archiwum_openmeteo,3.1,19.6,12.2,13.3,288,991.6
Krakow,2026-09-14,2026-09-11,-3,archiwum_openmeteo,16.5,12.3,10.6,14.1,33,994.7
Krakow,2026-09-14,2026-09-12,-2,archiwum_openmeteo,2.6,16.0,10.3,7.8,295,997.0
Gdansk,2026-09-14,2026-09-14,0,prognoza,0.4,18.9,13.3,11.2,312,1018.4
Gdansk,2026-09-14,2026-09-15,1,prognoza,0.0,18.2,10.7,11.3,199,1017.6
Gdansk,2026-09-14,2026-09-16,2,prognoza,1.65,19.9,11.6,15.9,212,1008.6
Gdansk,2026-09-14,2026-09-17,3,prognoza,0.1,17.8,13.3,15.6,249,1009.6
Gdansk,2026-09-14,2026-09-18,4,prognoza,0.3,17.9,13.2,13.4,222,1010.7
Gdansk,2026-09-14,2026-09-19,5,prognoza,0.2,20.2,12.1,14.7,207,1013.3
Gdansk,2026-09-14,2026-09-20,6,prognoza,2.5,16.4,12.0,15.2,240,1007.2
Gdansk,2026-09-14,2026-09-04,-10,archiwum_openmeteo,20.1,19.9,15.4,26.1,247,1002.3
Gdansk,2026-09-14,2026-09-05,-9,archiwum_openmeteo,4.1,17.7,12.7,32.1,262,1005.2
Gdansk,2026-09-14,2026-09-06,-8,archiwum_openmeteo,3.1,18.7,12.2,26.2,289,1016.7
Gdansk,2026-09-14,2026-09-07,-7,archiwum_openmeteo,0.2,20.1,11.8,13.8,212,1020.1
Gdansk,2026-09-14,2026-09-08,-6,archiwum_openmeteo,0.9,25.4,12.9,15.5,184,1008.6
Gdansk,2026-09-14,2026-09-09,-5,archiwum_openmeteo,0.3,23.4,15.5,22.7,227,1003.6
Gdansk,2026-09-14,2026-09-10,-4,archiwum_openmeteo,0.3,18.2,12.1,23.5,262,1010.9
Gdansk,2026-09-14,2026-09-11,-3,archiwum_openmeteo,0.0,17.8,10.5,13.5,276,1018.8
Gdansk,2026-09-14,2026-09-12,-2,archiwum_openmeteo,0.0,18.8,10.5,9.1,226,1019.5
Zakopane,2026-09-14,2026-09-14,0,prognoza,1.1,14.2,11.0,6.1,224,928.3
Zakopane,2026-09-14,2026-09-15,1,prognoza,1.1,17.0,8.8,6.8,279,928.5
Zakopane,2026-09-14,2026-09-16,2,prognoza,0.0,21.7,8.0,14.0,238,923.0
Zakopane,2026-09-14,2026-09-17,3,prognoza,0.3,22.2,9.6,14.0,337,921.1
Zakopane,2026-09-14,2026-09-18,4,prognoza,6.3,17.6,11.9,13.3,30,921.1
Zakopane,2026-09-14,2026-09-19,5,prognoza,2.7,15.7,9.8,8.8,314,926.3
Zakopane,2026-09-14,2026-09-20,6,prognoza,1.5,18.4,8.8,17.2,251,929.0
Zakopane,2026-09-14,2026-09-04,-10,archiwum_openmeteo,0.1,21.6,12.9,29.0,249,923.9
Zakopane,2026-09-14,2026-09-05,-9,archiwum_openmeteo,1.9,20.1,11.2,22.1,262,924.8
Zakopane,2026-09-14,2026-09-06,-8,archiwum_openmeteo,0.3,15.2,7.7,21.8,284,930.9
Zakopane,2026-09-14,2026-09-07,-7,archiwum_openmeteo,0.0,19.2,6.1,8.4,307,931.4
Zakopane,2026-09-14,2026-09-08,-6,archiwum_openmeteo,0.0,25.1,9.8,12.2,230,924.8
Zakopane,2026-09-14,2026-09-09,-5,archiwum_openmeteo,0.0,27.0,13.2,12.3,192,919.4
Zakopane,2026-09-14,2026-09-10,-4,archiwum_openmeteo,4.6,15.8,11.3,11.3,342,924.5
Zakopane,2026-09-14,2026-09-11,-3,archiwum_openmeteo,12.3,11.6,8.0,13.1,37,925.9
Zakopane,2026-09-14,2026-09-12,-2,archiwum_openmeteo,2.2,11.7,7.6,9.4,311,928.9
Warszawa,2026-09-15,2026-09-15,0,prognoza,0.2,19.1,13.8,9.0,262,1007.3
Warszawa,2026-09-15,2026-09-16,1,prognoza,0.0,24.1,12.1,15.1,192,999.7
Warszawa,2026-09-15,2026-09-17,2,prognoza,2.82,18.7,12.4,19.4,265,999.9
Warszawa,2026-09-15,2026-09-18,3,prognoza,0.1,21.1,10.5,11.4,183,1000.9
Warszawa,2026-09-15,2026-09-19,4,prognoza,0.0,21.5,12.5,10.6,227,1006.0
Warszawa,2026-09-15,2026-09-20,5,prognoza,6.5,22.8,13.0,17.6,232,1004.8
Warszawa,2026-09-15,2026-09-21,6,prognoza,2.1,16.0,9.8,16.5,268,1003.3
Warszawa,2026-09-15,2026-09-05,-10,archiwum_openmeteo,2.5,19.7,13.1,25.6,271,997.9
Warszawa,2026-09-15,2026-09-06,-9,archiwum_openmeteo,2.2,18.7,12.0,24.1,282,1006.9
Warszawa,2026-09-15,2026-09-07,-8,archiwum_openmeteo,0.0,19.7,9.6,10.3,226,1010.7
Warszawa,2026-09-15,2026-09-08,-7,archiwum_openmeteo,0.0,26.1,13.0,11.1,160,1000.6
Warszawa,2026-09-15,2026-09-09,-6,archiwum_openmeteo,0.0,28.1,17.2,13.6,235,994.5
Warszawa,2026-09-15,2026-09-10,-5,archiwum_openmeteo,5.7,18.3,11.2,20.7,264,1002.1
Warszawa,2026-09-15,2026-09-11,-4,archiwum_openmeteo,0.8,16.1,8.6,7.8,268,1007.9
Warszawa,2026-09-15,2026-09-12,-3,archiwum_openmeteo,0.1,18.3,10.6,9.3,286,1008.7
Warszawa,2026-09-15,2026-09-13,-2,archiwum_openmeteo,0.5,19.3,9.9,11.6,202,1006.4
Krakow,2026-09-15,2026-09-05,-10,archiwum_openmeteo,2.4,21.4,15.0,22.7,270,990.4
Krakow,2026-09-15,2026-09-06,-9,archiwum_openmeteo,0.1,18.2,11.0,23.9,282,998.3
Krakow,2026-09-15,2026-09-07,-8,archiwum_openmeteo,0.0,20.9,7.6,6.9,139,998.8
Krakow,2026-09-15,2026-09-08,-7,archiwum_openmeteo,0.0,28.7,12.2,10.7,215,989.5
Krakow,2026-09-15,2026-09-09,-6,archiwum_openmeteo,0.0,29.6,18.0,13.5,249,983.4
Krakow,2026-09-15,2026-09-10,-5,archiwum_openmeteo,3.1,19.6,12.2,13.3,288,991.6
Krakow,2026-09-15,2026-09-11,-4,archiwum_openmeteo,16.5,12.3,10.6,14.1,33,994.7
Krakow,2026-09-15,2026-09-12,-3,archiwum_openmeteo,2.6,16.0,10.3,7.8,295,997.0
Krakow,2026-09-15,2026-09-13,-2,archiwum_openmeteo,0.8,19.3,8.5,8.4,176,995.1
Krakow,2026-09-15,2026-09-15,0,prognoza,0.4,21.8,14.9,8.6,254,995.4
Krakow,2026-09-15,2026-09-16,1,prognoza,0.0,26.9,12.3,15.5,226,988.5
Krakow,2026-09-15,2026-09-17,2,prognoza,11.4,19.4,11.6,15.8,257,989.2
Krakow,2026-09-15,2026-09-18,3,prognoza,0.0,18.5,11.5,5.7,37,989.4
Krakow,2026-09-15,2026-09-19,4,prognoza,0.0,21.6,10.5,6.7,247,994.7
Krakow,2026-09-15,2026-09-20,5,prognoza,2.5,23.2,10.9,17.3,258,995.2
Krakow,2026-09-15,2026-09-21,6,prognoza,2.3,16.0,10.1,19.2,274,993.9
Zakopane,2026-09-15,2026-09-15,0,prognoza,0.6,18.0,9.4,7.2,261,928.5
Zakopane,2026-09-15,2026-09-16,1,prognoza,0.0,21.8,8.7,16.9,230,923.2
Zakopane,2026-09-15,2026-09-17,2,prognoza,12.25,16.9,8.5,11.2,241,922.4
Zakopane,2026-09-15,2026-09-18,3,prognoza,0.0,16.0,8.1,9.2,345,922.4
Zakopane,2026-09-15,2026-09-19,4,prognoza,0.0,19.0,10.2,6.5,302,928.0
Zakopane,2026-09-15,2026-09-20,5,prognoza,0.5,20.3,9.8,17.5,259,929.2
Zakopane,2026-09-15,2026-09-21,6,prognoza,5.6,12.8,6.9,18.9,286,926.3
Zakopane,2026-09-15,2026-09-05,-10,archiwum_openmeteo,1.9,20.1,11.2,22.1,262,924.8
Zakopane,2026-09-15,2026-09-06,-9,archiwum_openmeteo,0.3,15.2,7.7,21.8,284,930.9
Zakopane,2026-09-15,2026-09-07,-8,archiwum_openmeteo,0.0,19.2,6.1,8.4,307,931.4
Zakopane,2026-09-15,2026-09-08,-7,archiwum_openmeteo,0.0,25.1,9.8,12.2,230,924.8
Zakopane,2026-09-15,2026-09-09,-6,archiwum_openmeteo,0.0,27.0,13.2,12.3,192,919.4
Zakopane,2026-09-15,2026-09-10,-5,archiwum_openmeteo,4.6,15.8,11.3,11.3,342,924.5
Zakopane,2026-09-15,2026-09-11,-4,archiwum_openmeteo,12.3,11.6,8.0,13.1,37,925.9
Zakopane,2026-09-15,2026-09-12,-3,archiwum_openmeteo,2.2,11.7,7.6,9.4,311,928.9
Zakopane,2026-09-15,2026-09-13,-2,archiwum_openmeteo,0.0,15.4,4.7,7.0,236,927.6
Gdansk,2026-09-15,2026-09-15,0,prognoza,0.0,18.6,10.9,10.4,202,1017.6
Gdansk,2026-09-15,2026-09-16,1,prognoza,1.8,20.2,11.7,18.8,207,1008.2
Gdansk,2026-09-15,2026-09-17,2,prognoza,0.0,18.0,13.2,14.9,247,1008.7
Gdansk,2026-09-15,2026-09-18,3,prognoza,0.3,17.7,13.2,15.6,216,1008.7
Gdansk,2026-09-15,2026-09-19,4,prognoza,0.0,19.1,12.5,16.3,221,1013.3
Gdansk,2026-09-15,2026-09-20,5,prognoza,2.1,18.7,13.2,22.0,247,1010.7
Gdansk,2026-09-15,2026-09-21,6,prognoza,0.0,16.8,12.4,22.1,293,1015.1
Gdansk,2026-09-15,2026-09-05,-10,archiwum_openmeteo,4.1,17.7,12.7,32.1,262,1005.2
Gdansk,2026-09-15,2026-09-06,-9,archiwum_openmeteo,3.1,18.7,12.2,26.2,289,1016.7
Gdansk,2026-09-15,2026-09-07,-8,archiwum_openmeteo,0.2,20.1,11.8,13.8,212,1020.1
Gdansk,2026-09-15,2026-09-08,-7,archiwum_openmeteo,0.9,25.4,12.9,15.5,184,1008.6
Gdansk,2026-09-15,2026-09-09,-6,archiwum_openmeteo,0.3,23.4,15.5,22.7,227,1003.6
Gdansk,2026-09-15,2026-09-10,-5,archiwum_openmeteo,0.3,18.2,12.1,23.5,262,1010.9
Gdansk,2026-09-15,2026-09-11,-4,archiwum_openmeteo,0.0,17.8,10.5,13.5,276,1018.8
Gdansk,2026-09-15,2026-09-12,-3,archiwum_openmeteo,0.0,18.8,10.5,9.1,226,1019.5
Gdansk,2026-09-15,2026-09-13,-2,archiwum_openmeteo,0.2,18.7,13.4,10.4,218,1015.5
Warszawa,2026-09-16,2026-09-06,-10,archiwum_openmeteo,2.2,18.7,12.0,24.1,282,1006.9
Warszawa,2026-09-16,2026-09-07,-9,archiwum_openmeteo,0.0,19.7,9.6,10.3,226,1010.7
Warszawa,2026-09-16,2026-09-08,-8,archiwum_openmeteo,0.0,26.1,13.0,11.1,160,1000.6
Warszawa,2026-09-16,2026-09-09,-7,archiwum_openmeteo,0.0,28.1,17.2,13.6,235,994.5
Warszawa,2026-09-16,2026-09-10,-6,archiwum_openmeteo,5.7,18.3,11.2,20.7,264,1002.1
Warszawa,2026-09-16,2026-09-11,-5,archiwum_openmeteo,0.8,16.1,8.6,7.8,268,1007.9
Warszawa,2026-09-16,2026-09-12,-4,archiwum_openmeteo,0.1,18.3,10.6,9.3,286,1008.7
Warszawa,2026-09-16,2026-09-13,-3,archiwum_openmeteo,0.5,19.3,9.9,11.6,202,1006.4
Warszawa,2026-09-16,2026-09-14,-2,archiwum_openmeteo,0.5,19.2,13.1,7.6,266,1006.8
Warszawa,2026-09-16,2026-09-16,0,prognoza,0.0,24.0,11.4,13.3,181,999.7
Warszawa,2026-09-16,2026-09-17,1,prognoza,7.3,18.1,13.1,19.4,265,1000.1
Warszawa,2026-09-16,2026-09-18,2,prognoza,0.03,20.7,11.4,13.0,182,1001.7
Warszawa,2026-09-16,2026-09-19,3,prognoza,0.0,20.5,11.7,9.8,233,1005.9
Warszawa,2026-09-16,2026-09-20,4,prognoza,3.8,21.8,13.2,17.5,223,1003.0
Warszawa,2026-09-16,2026-09-21,5,prognoza,3.7,16.4,10.4,23.0,285,1001.0
Warszawa,2026-09-16,2026-09-22,6,prognoza,0.6,17.1,9.7,19.2,308,1008.2
Krakow,2026-09-16,2026-09-16,0,prognoza,0.0,27.6,11.8,16.2,210,988.6
Krakow,2026-09-16,2026-09-17,1,prognoza,7.7,18.6,12.0,13.0,247,989.5
Krakow,2026-09-16,2026-09-18,2,prognoza,0.0,21.1,10.1,7.9,238,990.5
Krakow,2026-09-16,2026-09-19,3,prognoza,0.0,21.0,11.0,9.1,250,994.7
Krakow,2026-09-16,2026-09-20,4,prognoza,0.8,22.8,10.3,19.5,247,993.4
Krakow,2026-09-16,2026-09-21,5,prognoza,12.6,16.3,9.6,22.2,281,992.8
Krakow,2026-09-16,2026-09-22,6,prognoza,3.1,15.6,9.5,17.8,290,998.3
Krakow,2026-09-16,2026-09-06,-10,archiwum_openmeteo,0.1,18.2,11.0,23.9,282,998.3
Krakow,2026-09-16,2026-09-07,-9,archiwum_openmeteo,0.0,20.9,7.6,6.9,139,998.8
Krakow,2026-09-16,2026-09-08,-8,archiwum_openmeteo,0.0,28.7,12.2,10.7,215,989.5
Krakow,2026-09-16,2026-09-09,-7,archiwum_openmeteo,0.0,29.6,18.0,13.5,249,983.4
Krakow,2026-09-16,2026-09-10,-6,archiwum_openmeteo,3.1,19.6,12.2,13.3,288,991.6
Krakow,2026-09-16,2026-09-11,-5,archiwum_openmeteo,16.5,12.3,10.6,14.1,33,994.7
Krakow,2026-09-16,2026-09-12,-4,archiwum_openmeteo,2.6,16.0,10.3,7.8,295,997.0
Krakow,2026-09-16,2026-09-13,-3,archiwum_openmeteo,0.8,19.3,8.5,8.4,176,995.1
Krakow,2026-09-16,2026-09-14,-2,archiwum_openmeteo,4.8,19.8,12.9,12.2,258,995.2
Gdansk,2026-09-16,2026-09-16,0,prognoza,1.2,21.4,11.9,14.8,216,1008.4
Gdansk,2026-09-16,2026-09-17,1,prognoza,0.2,18.5,12.1,19.4,244,1009.0
Gdansk,2026-09-16,2026-09-18,2,prognoza,0.4,16.6,11.9,13.1,213,1009.1
Gdansk,2026-09-16,2026-09-19,3,prognoza,0.0,19.1,12.5,14.4,218,1014.5
Gdansk,2026-09-16,2026-09-20,4,prognoza,2.4,17.6,12.9,15.8,237,1010.5
Gdansk,2026-09-16,2026-09-21,5,prognoza,0.0,15.8,12.1,20.8,290,1010.7
Gdansk,2026-09-16,2026-09-22,6,prognoza,0.0,15.9,12.1,19.2,337,1020.2
Gdansk,2026-09-16,2026-09-06,-10,archiwum_openmeteo,3.1,18.7,12.2,26.2,289,1016.7
Gdansk,2026-09-16,2026-09-07,-9,archiwum_openmeteo,0.2,20.1,11.8,13.8,212,1020.1
Gdansk,2026-09-16,2026-09-08,-8,archiwum_openmeteo,0.9,25.4,12.9,15.5,184,1008.6
Gdansk,2026-09-16,2026-09-09,-7,archiwum_openmeteo,0.3,23.4,15.5,22.7,227,1003.6
Gdansk,2026-09-16,2026-09-10,-6,archiwum_openmeteo,0.3,18.2,12.1,23.5,262,1010.9
Gdansk,2026-09-16,2026-09-11,-5,archiwum_openmeteo,0.0,17.8,10.5,13.5,276,1018.8
Gdansk,2026-09-16,2026-09-12,-4,archiwum_openmeteo,0.0,18.8,10.5,9.1,226,1019.5
Gdansk,2026-09-16,2026-09-13,-3,archiwum_openmeteo,0.2,18.7,13.4,10.4,218,1015.5
Gdansk,2026-09-16,2026-09-14,-2,archiwum_openmeteo,2.7,19.0,13.8,14.8,311,1018.6
Zakopane,2026-09-16,2026-09-16,0,prognoza,0.0,21.9,8.2,20.2,217,923.4
Zakopane,2026-09-16,2026-09-17,1,prognoza,1.1,16.4,6.6,14.8,256,922.6
Zakopane,2026-09-16,2026-09-18,2,prognoza,0.0,17.3,5.2,9.8,245,923.3
Zakopane,2026-09-16,2026-09-19,3,prognoza,0.0,18.1,8.4,12.1,284,927.8
Zakopane,2026-09-16,2026-09-20,4,prognoza,0.2,20.4,7.9,16.9,250,927.5
Zakopane,2026-09-16,2026-09-21,5,prognoza,21.0,13.1,6.5,21.5,277,925.8
Zakopane,2026-09-16,2026-09-22,6,prognoza,24.6,9.0,5.9,16.4,292,930.2
Zakopane,2026-09-16,2026-09-06,-10,archiwum_openmeteo,0.3,15.2,7.7,21.8,284,930.9
Zakopane,2026-09-16,2026-09-07,-9,archiwum_openmeteo,0.0,19.2,6.1,8.4,307,931.4
Zakopane,2026-09-16,2026-09-08,-8,archiwum_openmeteo,0.0,25.1,9.8,12.2,230,924.8
Zakopane,2026-09-16,2026-09-09,-7,archiwum_openmeteo,0.0,27.0,13.2,12.3,192,919.4
Zakopane,2026-09-16,2026-09-10,-6,archiwum_openmeteo,4.6,15.8,11.3,11.3,342,924.5
Zakopane,2026-09-16,2026-09-11,-5,archiwum_openmeteo,12.3,11.6,8.0,13.1,37,925.9
Zakopane,2026-09-16,2026-09-12,-4,archiwum_openmeteo,2.2,11.7,7.6,9.4,311,928.9
Zakopane,2026-09-16,2026-09-13,-3,archiwum_openmeteo,0.0,15.4,4.7,7.0,236,927.6
Zakopane,2026-09-16,2026-09-14,-2,archiwum_openmeteo,1.7,15.9,9.9,7.8,279,928.2
